20161108,DCinside.com, 출석 고민 시험 출신 고위 대학
20161107,DCinside.com, 토익 걱정 필요악 계절 공수 학기 수준 추천 소개팅 후문 식당 자택 극단 쿠키런 친구 인생 대학 주요 간판 학과 학기 이번 아시 수준 거인 남자 시험 스타일 실전 중국어 대비 모의고사 공부 식당 지헤 정아 실종 이야기 재보 사건 문제 뉴스 마지막 경고 입결 한진해운 중평 올해 입결 이유 이유 인하대 소리 정시 학벌 이과 서열 문과 이과 인하대 학원 차이 지랄 여기 시발 인천대 인천대 고삼 마지막 경고 문과 서인 연고 연고 캡쳐 입학 교내 이과 입결 인하대 문과 공수 겨울 학교 가능 학점교류 사시 평생 구역 언정 공대 수시 기자 새끼 무시 권력 올해 퓰리처상 대상 졸업 정보 언론 정육점 이노베이션 인천대 대학 거대 기업 분류 국내 본사 해외 관심 남자친구 소개 개발자 토스 주년 드립 최고 인하대 출신 로스쿨 신임 임용 전국 법관 지정 인하대병원 권역 인천 센터 응급의료 인하대 산학 대우 자동차 협력 구축 인하대 센터 한국 혁신 학계 정상급 항공 인하 인하대 출신 전국 학교 공동 전무 건설 이상 경영진 업체 현황 인하대 한양대 수입 바람 대세 성균관대 이공 인하대 전국 공동 이상 인사 키워드 부사장 그룹 스펙 인하대 교육 교육부 수상 장관 기부 인하대 실시 협약 양성 물류 글로벌 사업 인재 체결 국토부 인하대 평가 등급 연구소 학술지 국제 영향력 관계 인하대 대학 센터 유일 부설 융합 안전 연구 환경 인하대 협력 항공우주 대한항공 인하대 양성 중앙대 기관 문화 교육사 예술 인하대 대학 한양대 사업 특성 서울대 자원 주관 개발 전남대 인하대 대학 센터 서울대 주관 모델 포함 선정 기업가 인하대 전국 전수 임원 대기업 코스피 조사 인하대 그룹 강당 기회 외국인 장소 제공 초청 체험 한류 유학생 현대차 인하대 출신 서울대 중앙대 연구 현대차 출연 장학생 인하대 전국 연구 정예 위원 세계 삼성전자 인하대 서울대 이상 올해 한국 취업 남친 개인 남친 개인 개인 여친 개인 여친 인하대 물류 아태 국가 폐지 사람 서울 문과 버드 기상 인천대 수업 교시 오이 행복 치과 대통령 이번 총학 선거 건가 애국 결정 급행 라지 월요일 통학버스 인하대 운동 이야기 티라미수 빙수 메카 우울 등판 문구 광장 하나 아이린 굿나잇 기만 갤러리 선호 정석 열람실
20161106,DCinside.com, 티라미수 빙수 오늘 카드 군대 제이킴 신입생 다음 인생 재수 자살 알바 재수 시발 엄빠 가출 오픈 레이드 카톡 안녕 최고 화실 하루 종일 인천 제물포고 빙수 국립대 인천대 힐링 대학 융합 미래 건가 명지대 우리 도배 인하대 전국 출신 로스쿨 신임 임용 법관 인하대 대학 전국 공학 합격자 배출 인프라 사회 한국도로공사 최다 평가 등급 인하대병원 부문 의료 인하대병원 대상 신뢰 소비자 브랜드 센터 인하대병원 인천 지정 권역 응급의료 인하대 대학 관점 산업 개교 최우수 인하대 협력 산학 체결 바스프 인하공전 인하대 협력 산학 대우 자동차 구축 인하대 센터 한국 혁신 학계 정상급 항공 인하 인하대 전국 임원 건설사 누구 인하대 전국 출신 이상 공동 학교 전무 건설 경영진 업체 현황 인하대 한양대 수입 바람 대세 성균관대 이공 인하대 전국 이상 공동 그룹 인사 키워드 부사장 스펙 인하대 교육 교육부 수상 장관 기부 인하대 전국 올해 국내 랭킹 라이덴 교수 논문 순위 인하대 양성 물류 사업 체결 실시 협약 글로벌 인재 국토부 인하대 평가 등급 연구소 학술지 국제 영향력 관계 인하대 대학 센터 연구 융합 유일 부설 안전 환경 인하대 협력 항공우주 대한항공 인하대 양성 중앙대 기관 문화 교육사 예술 인하대 대학 서울대 한양대 사업 주관 특성 자원 개발 전남대 인하대 전국 임원 전수 대기업 코스피 조사 인하대 그룹 현대차 강당 기회 외국인 장소 제공 초청 체험 한류 유학생 인하대 출신 서울대 연구 중앙대 현대차 출연 장학생 인하대 전국 연구 정예 위원 세계 삼성전자 인하대 서울대 이상 올해 한국 취업 조원 초콜릿 실험 입결 극성 한기대 인하공전 대학 융합 미래 한국 체고 인생 후문 인형 대통령 인하 대학 인하 취업 현황 스타벅스 화문 화문 화문 사람 매력 알바 매니아 설빙 시작 복귀 써니 스타 대선 이재명 문재인 박원순 오늘 설빙 마감 모닝스타 지하철 자취방 시간 체류 인하대 식당 후문 추천 제국 전화 하루 하심
20161105,DCinside.com, 제국 친미 고정 특징 소개팅 추천 질문 형님 고정 진실 외모 원맨쇼 필수 처음 토익 프리 무료 인강 교재 패스 광화문 게이 아만다 심사 제국 치천 융합 공학부 음식 배달 광화문 학교 상관 시간 인하대 홍보 인하대 전국 출신 로스쿨 신임 임용 법관 인하대 전국 대학 공학 합격자 배출 인프라 사회 한국도로공사 최다 인하대병원 평가 등급 부문 의료 인하대병원 대상 신뢰 소비자 브랜드 인하대 대학 관점 산업 개교 최우수 인하대 협력 산학 체결 인하공전 바스프 인하대 협력 산학 대우 자동차 구축 인하대 센터 한국 인하 혁신 학계 정상급 항공 인하대 전국 임원 건설사 누구 인하대 전국 출신 이상 공동 학교 현황 전무 건설 경영진 업체 인하대 한양대 수입 바람 대세 성균관대 이공 인하대 전국 이상 공동 그룹 인사 키워드 부사장 스펙 인하대 교육 교육부 수상 장관 기부 인하대 양성 사업 체결 물류 실시 협약 글로벌 인재 국토부 인하대 평가 등급 연구소 학술지 국제 영향력 관계 인하대 대학 센터 연구 융합 유일 부설 안전 환경 인하대 협력 항공우주 대한항공 인하대 양성 중앙대 기관 문화 교육사 예술 인하대 대학 서울대 한양대 사업 주관 특성 자원 개발 전남대 인하대 대학 센터 서울대 주관 모델 포함 선정 기업가 인하대 전국 임원 전수 대기업 코스피 조사 인하대 그룹 현대차 강당 기회 외국인 장소 제공 초청 체험 한류 유학생 인하대 전국 연구 정예 위원 세계 삼성전자 인하대 서울대 이상 한국 올해 취업 안녕 시발 알바 광장 송도 서울 할인 조조 버스 정석 연장 졸업 이유 새끼 요즘 고닉 컨셉 병신 댓글 영양사 서호 인하대 수준 대자보 시국선언 오빠 중국인 서양인 영어 인터뷰 댓글 이해 오타쿠 김장 서울 날씨 버거 거기 크루 관여 졸업생 상황 광장 밑밥 타격 사랑 하루 뮤비 인하대 협력 산학 대우 자동차 구축 인하대 전국 임원 건설사 누구 인하대 전국 출신 이상 공동 학교 현황 전무 건설 경영진 업체 인하대 한양대 수입 바람 대세 성균관대 이공 인하대 전국 이상 공동 그룹 인사 키워드 부사장 스펙 인하대 교육 교육부 수상 장관 기부 인하대 평가 등급 연구소 학술지 국제 영향력 관계 인하대 대학 센터 연구 융합 유일 부설 안전 환경 인하대 협력 항공우주 대한항공 인하대 양성 중앙대 기관 문화 교육사 예술 인하대 대학 서울대 한양대 사업 주관 특성 자원 개발 전남대 인하대 대학 서울대 센터 주관 모델 포함 선정 기업가 인하대 전국 임원 전수 대기업 코스피 조사 인하대 그룹 현대차 강당 기회 외국인 장소 제공 초청 체험 한류 유학생 인하대 서울대 출신 연구 중앙대 현대차 출연 장학생 인하대 전국 연구 정예 위원 세계 삼성전자 인하대 서울대 이상 한국 올해 취업 오늘 창문 히키 훈련 대학 융합 미래 수능 수험생 부담 평가 교직 사범대 새벽 인하대 인하대 열등감 야인 인하대 입학 전국 인천 공부 동네 고민 전과 전자공학 소개팅 기대
20161104,DCinside.com, 댓글 라스 수요일 오늘 후자 선택 전자 안녕 부탁 참여 설문지 새끼 고닉 하트 영어 내일 인사동 과제 공과 전통 계열 강호 광운대 인하대 프라임 새끼 정체 코고 등급 정시 정도 인하공대 인하 인하대 형님 합격 동북아 사람 새끼 최고 히오스 새끼 최고 폴리텍 인하대 전국 출신 로스쿨 신임 임용 법관 인하대 서울대 한양대 사업 환경 기업 기술 유망 인하대 센터 연구 한양대 중앙대 성균관대 서비스 스마트 연세대 인하대 중앙대 대회 우승 소송 특허 변론 인하대 전국 대학 공학 합격자 배출 인프라 사회 한국도로공사 최다 센터 인하대병원 인천 지정 권역 응급의료 인하대 대학 관점 산업 개교 최우수 인하대 협력 산학 체결 인하공전 바스프 인하대 협력 산학 대우 자동차 구축 인하대 전국 임원 건설사 누구 인하대 한양대 성균관대 수입 바람 대세 이공 인하대 전국 이상 공동 그룹 인사 키워드 부사장 스펙 인하대 교육 교육부 수상 장관 기부 인하대 사업 양성 체결 물류 실시 협약 글로벌 인재 국토부 인하대 평가 등급 연구소 학술지 국제 영향력 관계 인하대 대학 센터 연구 융합 환경 유일 부설 안전 인하대 협력 항공우주 대한항공 인하대 중앙대 양성 기관 문화 교육사 예술 인하대 대학 서울대 한양대 사업 주관 특성 자원 개발 전남대 인하대 대학 서울대 센터 주관 모델 포함 선정 기업가 인하대 전국 임원 전수 대기업 코스피 조사 인하대 그룹 현대차 강당 기회 외국인 장소 제공 초청 체험 한류 유학생 인하대 서울대 연구 출신 중앙대 현대차 출연 장학생 인하대 전국 연구 정예 위원 세계 삼성전자 인하대 서울대 이상 한국 올해 취업 급식 광고 평가 교직 사범대 소개팅 시간 저번 사건 박사 서울 화석 사람 금요일 얘기 부평 사람 공부 준비 독학 대학 융합 미래 수능 수험생 부담 인하대 전국 출신 로스쿨 신임 임용 법관 인하대 특성 물류 항공 급성장 인하대 서울대 한양대 사업 환경 기업 기술 유망 인하대 센터 연구 한양대 중앙대 성균관대 서비스 스마트 연세대 인하대 중앙대 대회 우승 소송 특허 변론 인하대 전국 대학 공학 합격자 배출 인프라 사회 한국도로공사 최다 센터 인하대병원 인천 지정 권역 응급의료 인하대 대학 관점 산업 개교 최우수 인하대 협력 산학 체결 인하공전 바스프 인하대 협력 산학 대우 자동차 구축 인하대 센터 한국 인하 항공 혁신 학계 정상급 인하대 전국 임원 건설사 누구 인하대 전국 출신 이상 공동 학교 현황 전무 건설 경영진 업체 인하대 한양대 성균관대 수입 바람 대세 이공 인하대 전국 이상 공동 그룹 인사 키워드 부사장 스펙 인하대 교육 교육부 수상 장관 기부 인하대 사업 양성 체결 물류 실시 협약 글로벌 인재 국토부 인하대 평가 등급 연구소 학술지 국제 영향력 관계 인하대 대학 센터 연구 융합 환경 유일 부설 안전 인하대 협력 항공우주 대한항공 인하대 중앙대 양성 기관 문화 교육사 예술 인하대 대학 서울대 한양대 사업 주관 특성 자원 개발 전남대 인하대 대학 서울대 센터 주관 모델 포함 선정 기업가 인하대 전국 임원 전수 대기업 코스피 조사 인하대 그룹 현대차 강당 기회 외국인 장소 제공 초청 체험 한류 유학생 인하대 서울대 연구 출신 중앙대 현대차 출연 장학생 인하대 서울대 이상 한국 올해 취업 순위 사대 졸업 인하대 삼행 정도 평균 나비 오늘 피자 아침 공대 손해 반수 이득 연대 친구 알바 올해 사람 광장 낯짝 헬스 결석 성적 물리 인하대 대진대 시험 수업 타이젠 유학생 관심 중간 후문 피자 파바 대학 명문 올해 사람 공대 학생회장 출마 이번 경선 인하 명문 인하 명문 인하 명문 인하 명문 인하대 센터 연구 한양대 중앙대 성균관대 서비스 스마트 연세대 인하대 중앙대 대회 우승 소송 특허 변론 인하대 전국 대학 공학 합격자 배출 인프라 사회 한국도로공사 최다 평가 등급 인하대병원 부문 의료 센터 인하대병원 인천 지정 권역 응급의료 인하대 대학 관점 산업 개교 최우수 인하대 협력 산학 체결 인하공전 바스프 인하대 협력 산학 대우 자동차 구축 인하대 센터 한국 인하 항공 혁신 학계 정상급 인하대 전국 임원 건설사 누구 인하대 전국 이상 출신 공동 학교 현황 전무 건설 경영진 업체 인하대 한양대 성균관대 수입 바람 대세 이공 인하대 전국 이상 공동 그룹 인사 키워드 부사장 스펙 인하대 교육 교육부 수상 장관 기부 인하대 사업 양성 체결 물류 실시 협약 글로벌 인재 국토부 인하대 평가 등급 연구소 학술지 국제 영향력 관계 인하대 대학 센터 연구 융합 환경 유일 부설 안전 인하대 협력 항공우주 대한항공 인하대 중앙대 양성 기관 문화 교육사 예술 인하대 대학 서울대 한양대 사업 주관 특성 자원 개발 전남대 인하대 대학 서울대 센터 주관 모델 포함 선정 기업가 인하대 그룹 현대차 유학생 강당 기회 외국인 장소 제공 초청 체험 한류 인하대 서울대 연구 중앙대 출신 현대차 출연 장학생 인하대 전국 연구 정예 위원 세계 삼성전자 인하대 서울대 이상 한국 올해 취업 요즘 기업 학벌 한진 제일 이화여대 유라 이번 학생회장 선거 후보 대학 융합 미래 보고 대학 현황 주요 법인 분담 분담금 아침 기분 비밀 이요 복학 이번 후보 총학 단일 정도 히키 누구 최고 사람 주제 코고 후문 편의점 도시락 혼자 인하대 입학 성적 기계 과분
20161103,DCinside.com, 대통령 미국 후문 인형 다음 등록 내일 중간고사 추천 할마 선물 히오스 질문 카드 세월 대학생 방학 겨울방학 인하대 순위 홈페이지 검색 형아 자취 알바 면접 대학 대세 요즘 이스 오늘 수업 치욕 수업 시간 박사 선배 점수 평점 학점 외무고시 인하대 입결 공대 아주대 홍대 에스 새끼 수공 제발 인하대 수준 대자보 지방대 학교 김구라 의미 취업 공대 졸업 학점 발목 오늘 여고생 인하대 서울 할인 영화관 학생증 후문 근처 악기 인생 허무 급식 한국 이번 학벌 시국선언 카스트 대학 수준 여기 김구라 아들 기회 자연 학교 교육 이해 거기 모의고사 검토 수학 학식 고등학생 대학 융합 미래 수능 수험생 부담 인하대 전국 출신 로스쿨 신임 임용 법관 인하대 센터 연구 중앙대 한양대 성균관대 서비스 스마트 연세대 인하대 중앙대 대회 우승 소송 특허 변론 인하대 전국 대학 공학 합격자 배출 인프라 사회 한국도로공사 최다 평가 등급 인하대병원 부문 의료 인하대병원 대상 신뢰 소비자 브랜드 센터 인하대병원 인천 지정 권역 응급의료 인하대 대학 관점 산업 개교 최우수 인하대 협력 산학 체결 인하공전 바스프 인하대 협력 산학 대우 자동차 구축 인하대 센터 한국 인하 항공 혁신 학계 정상급 인하대 전국 임원 누구 건설사 인하대 전국 이상 출신 공동 학교 현황 전무 건설 경영진 업체 인하대 한양대 성균관대 대세 수입 바람 이공 인하대 전국 이상 공동 그룹 인사 키워드 부사장 스펙 인하대 평가 등급 연구소 학술지 국제 영향력 관계 인하대 대학 센터 연구 융합 환경 유일 부설 안전 인하대 협력 항공우주 대한항공 인하대 중앙대 양성 기관 문화 교육사 예술 인하대 대학 서울대 한양대 사업 주관 특성 자원 개발 전남대 인하대 대학 센터 서울대 주관 모델 포함 선정 기업가 인하대 전국 임원 전수 대기업 코스피 조사 인하대 그룹 현대차 기회 유학생 강당 외국인 장소 제공 초청 체험 한류 인하대 서울대 연구 중앙대 출신 현대차 출연 장학생 인하대 전국 연구 정예 위원 세계 삼성전자 인하대 서울대 이상 한국 올해 취업 누구 평가 세계 순위 사범대 결과 설빙 다방 거리 시급 알바 연락 공전 음악 오전 축제 앞머리 인하대 인재 일본 취직 감기 자숙 박사 그동안 생활 과정 배치표 인생 별거
20161102,DCinside.com, 인하대 알바 공대 학원 학교 법인 근무 인척 사립대 인하 칼국수 알바 점장 교수 여자 사람 조씨 부담 등록금 분위 등록금 라면 후문 연예인 시간 이전 영업 매점 버스 지갑 학생증 개선 모바일 물리 재미 비올 도망 중도 총장 사퇴 추천 겨울 혼자 노래 게이 셰키 총학생회 찐따 이유 로그인 예비군 대학 융합 미래 부담 수능 수험생 인하대 전국 출신 로스쿨 신임 임용 법관 인하대 중앙대 대회 우승 소송 특허 변론 인하대 전국 대학 공학 합격자 배출 인프라 사회 한국도로공사 최다 인하대병원 대상 신뢰 소비자 브랜드 센터 인하대병원 인천 지정 권역 응급의료 인하대 대학 관점 산업 개교 최우수 인하대 협력 산학 대우 자동차 구축 인하대 센터 한국 인하 항공 혁신 학계 정상급 인하대 전국 임원 누구 건설사 인하대 전국 이상 출신 공동 학교 현황 전무 건설 경영진 업체 인하대 한양대 성균관대 대세 수입 바람 이공 인하대 전국 이상 공동 그룹 인사 키워드 부사장 스펙 인하대 교육 교육부 수상 장관 기부 인하대 전국 올해 순위 교수 국내 랭킹 라이덴 논문 인하대 사업 양성 체결 물류 인재 실시 협약 글로벌 국토부 인하대 평가 등급 연구소 학술지 국제 영향력 관계 동네 수요 과외 인하대 대학 센터 연구 융합 환경 유일 부설 안전 인하대 협력 항공우주 대한항공 인하대 중앙대 양성 기관 문화 교육사 예술 인하대 대학 서울대 한양대 사업 주관 특성 자원 개발 전남대 인하대 대학 센터 서울대 주관 모델 포함 선정 기업가 인하대 전국 임원 전수 대기업 코스피 조사 인하대 그룹 현대차 기회 유학생 강당 외국인 장소 제공 초청 체험 한류 인하대 서울대 연구 중앙대 출신 현대차 출연 장학생 인하대 전국 연구 세계 정예 위원 삼성전자 인하대 서울대 이상 한국 올해 취업 대학 취업 주요 수도권 인하대 전국 출신 로스쿨 신임 임용 법관 인하대 센터 연구 중앙대 한양대 성균관대 서비스 스마트 연세대 인하대 중앙대 대회 우승 소송 특허 변론 인하대 전국 대학 공학 합격자 배출 인프라 사회 한국도로공사 최다 센터 인하대병원 인천 지정 권역 응급의료 인하대 대학 관점 산업 개교 최우수 인하대 협력 산학 체결 인하공전 바스프 인하대 협력 산학 대우 자동차 구축 새끼 이유 총장 빨갱이 날씨 생각 인하대 평가 등급 연구소 학술지 국제 영향력 관계 인하대 대학 센터 연구 융합 환경 유일 부설 안전 인하대 협력 항공우주 대한항공 인하대 중앙대 양성 기관 문화 교육사 예술 인하대 대학 서울대 한양대 사업 주관 특성 자원 개발 전남대 인하대 대학 센터 서울대 주관 모델 포함 선정 기업가 인하대 전국 임원 전수 대기업 코스피 조사 인하대 그룹 현대차 기회 유학생 강당 외국인 장소 제공 초청 체험 한류 인하대 서울대 연구 중앙대 출신 현대차 출연 장학생 인하대 전국 연구 세계 정예 위원 삼성전자 인하대 서울대 이상 한국 올해 취업 베란다 이사 조망 출신 학교 영어 김구라 영문학 학교 우리 고등학생 이글 인하대 물류 아태 내일 총장 입장 토익 순위 사범대 오늘 서호 가츠동
20161101,DCinside.com, 대학 수험생 정시 하위 제국 예전 호관 추천 주세 저녁 정석 게시 아이디 시간 정석 열람실 아픔 전자 전기 중간고사 안치 학기 복학 학년 내년 사막 커피 육처 린다 오늘 데이 한우 남자 사진 길가 초코 민트 수업 질문 기분 피시방 사람 이용 완료 오늘 수업 내일 플러스 아이폰 정석 열람실 학생증 이용 교수 물리 언제 퀴즈 김현철 인하 사랑 수다 중순 마라톤 주년 온수 심술 순자 대학 서울 시국선언 지방대 공대 예비군 취직 라인 본가 길거리 닌자 인하대 전국 연구 세계 정예 위원 삼성전자 인하대 서울대 이상 한국 올해 취업 내일 예비군 버스 타나 이비인후과 취업 관련 자취 전기 전공 아침 인하 누구 사랑 마라톤 주최 서울 간호사 난리 패배자 지방 직장 교시 오늘 진짜 성감대 자신
20161031,DCinside.com, 인하대 아주대 이글 하루 안녕 행복 대학 부담 수험생 수능 시험 남자 오늘 창수 이상 남자 행복 치킨 쿠폰 사업 프라임 탈락 대형 수능 기적 인천대 우리 미팅 진짜 창공 인하대 영문 학생 진짜 범칙금 횡단 무단 인하대 전국 출신 로스쿨 신임 임용 법관 인하대 중앙대 대회 우승 소송 특허 변론 평가 인하대병원 등급 부문 의료 인하대병원 대상 신뢰 소비자 브랜드 센터 인하대병원 인천 지정 권역 응급의료 인하대 대학 관점 산업 개교 최우수 인하대 협력 산학 체결 인하공전 바스프 예비군 인하대 센터 한국 인하 항공 혁신 학계 정상급 인하대 전국 임원 누구 건설사 인하대 한양대 성균관대 대세 수입 바람 이공 인하대 전국 이상 그룹 공동 인사 키워드 부사장 스펙 인하대 교육 교육부 수상 장관 기부 인하대 사업 양성 체결 물류 인재 실시 협약 글로벌 국토부 인하대 평가 등급 연구소 학술지 국제 영향력 관계 인하대 대학 센터 연구 융합 환경 유일 부설 안전 인하대 협력 항공우주 대한항공 인하대 중앙대 양성 기관 문화 교육사 예술 인하대 대학 서울대 한양대 사업 주관 특성 자원 개발 전남대 인하대 대학 서울대 센터 주관 모델 포함 선정 기업가 인하대 전국 임원 전수 대기업 코스피 조사 인하대 그룹 현대차 기회 유학생 강당 외국인 장소 제공 초청 체험 한류 인하대 서울대 연구 중앙대 출신 현대차 출연 장학생 인하대 전국 연구 세계 정예 위원 삼성전자 인하대 서울대 이상 한국 올해 취업 한국 현황 신입생 학년 운영 모집 경영 대학원 전문 패스 크로스오버 인하대 합격 인하대 인하 학벌 경희 망치부인 경희대 질문 자취 혁신 사립대 시험대 평균 전자회로 오늘 수업 시간 학교 여자 주변 카페 이유 시발 인하대 합격 사건 최종 기상청 이번 학기 기술 고시 이번 번호 겨울 카이스트 충남대 혼자 카페 자리 인용 형님 브론즈 계심 누가 아침 인하 예정 사람 카페 한잔 기운 우주 인하대 입결 고정 명칭 서강대 인대 인하대 전국 출신 로스쿨 신임 임용 법관 평가 인하대병원 등급 부문 의료 인하대병원 대상 신뢰 소비자 브랜드 센터 인하대병원 인천 지정 권역 응급의료 인하대 대학 관점 산업 개교 최우수 인하대 협력 산학 체결 인하공전 바스프 인하대 협력 산학 대우 자동차 구축 인하대 센터 한국 인하 혁신 항공 학계 정상급 인하대 전국 임원 누구 건설사 인하대 전국 이상 출신 공동 학교 현황 전무 건설 경영진 업체 인하대 전국 이상 그룹 공동 인사 키워드 부사장 스펙 인하대 교육 교육부 수상 장관 기부 인하대 전국 올해 순위 교수 국내 랭킹 라이덴 논문 인하대 사업 양성 체결 물류 인재 실시 협약 글로벌 국토부 인하대 평가 등급 연구소 학술지 국제 영향력 관계 인하대 대학 센터 연구 융합 환경 유일 부설 안전 인하대 협력 항공우주 대한항공 인하대 중앙대 양성 기관 문화 교육사 예술 인하대 대학 서울대 한양대 사업 주관 특성 자원 개발 전남대 인하대 대학 서울대 센터 주관 모델 포함 선정 기업가 인하대 그룹 현대차 기회 유학생 강당 외국인 장소 제공 초청 체험 한류 인하대 서울대 연구 중앙대 출신 현대차 출연 장학생 인하대 전국 연구 세계 정예 위원 삼성전자 인하대 서울대 이상 한국 올해 취업 여자 예비군 학생 폐지 인망 교직과정 인하대 사람 기분 기억 지금 로스쿨 대중 인하대 나잇 인하대 인천대 인하대 질문 인하대 부탁 필독
20161030,DCinside.com, 주말 인하대 대학 전용 실업계 알고리즘 광고 때문 광희 디시 여자 때문 피시방 워치 오버 인하대 아주대 오늘 교수 전기 과제 제출 허창수 워치 오버 게임 전기 인간 인하대 교육 수능 호감 급상승 실천 땅콩 내일 훈련 사람 전기장판 서열 비지떡 사람 다음 구함 뷔페 고기 인하대 합격 결과 보통 예비 봉구 속보 카페 조합 알바 여친 근황 광고 네이버 정석 학교 우리 박경 거지 인간 나이 아이돌 오늘 가난 도둑 박완서 사람 전기 매트 오늘 히오스 저녁 인하대 가천대 사람 후문 카페 일요일 여자 남자 이름 요즘 전용 온수 보일러 내야 축제 노예 노우 언제 학번 의미 얼굴 이스 여운 축제 라인업 망대 이색기 아무것 인하대 사람 논술 축제 인하대 사람 수시 기준 인하대 인하 공대 합격 축하 질문 인하대 카이스트 연기 아침 학교 편입 안양대 방법 오후 배고픔 무트 속보 인생 히오스 오늘 사진 공유
20161029,DCinside.com, 요시 촛불 시즌 이상 여기 학생 절반 보일러 광장 치킨 오늘 서울 여자 소감 구경 숙대 오늘 한일 오늘 허리 졸업 대학생 급증 학자금 대출 공부 안양 시내 이름 내일 투어 캠퍼스 준비 편입 보루 인하대 전국 출신 로스쿨 신임 임용 법관 인하대 대학 센터 연구 사업 선정 육성 인하대 중앙대 대회 우승 소송 특허 변론 인하대 전국 대학 공학 합격자 배출 인프라 사회 한국도로공사 최다 인하대병원 평가 등급 부문 의료 인하대병원 대상 신뢰 소비자 브랜드 센터 인하대병원 인천 지정 권역 응급의료 인하대 대학 관점 산업 개교 최우수 인하대 협력 산학 대우 자동차 구축 인하대 센터 한국 인하 혁신 항공 학계 정상급 인하대 전국 임원 누구 건설사 인하대 전국 이상 출신 공동 학교 현황 전무 건설 경영진 업체 인하대 한양대 성균관대 대세 수입 바람 이공 인하대 전국 이상 그룹 공동 인사 키워드 부사장 스펙 인하대 교육 교육부 수상 장관 기부 인하대 전국 올해 순위 교수 국내 랭킹 라이덴 논문 인하대 사업 양성 체결 물류 인재 실시 협약 글로벌 국토부 인하대 평가 등급 연구소 학술지 국제 영향력 관계 인하대 대학 센터 연구 융합 환경 유일 부설 안전 인하대 협력 항공우주 대한항공 인하대 중앙대 양성 기관 문화 교육사 예술 인하대 대학 서울대 한양대 사업 주관 특성 자원 개발 전남대 인하대 대학 센터 서울대 주관 선정 모델 포함 기업가 인하대 전국 임원 전수 대기업 코스피 조사 인하대 서울대 연구 중앙대 출신 현대차 출연 장학생 인하대 전국 연구 세계 정예 위원 삼성전자 인하대 서울대 이상 한국 올해 취업 인하대 차이 경기대 오랜만 맨투맨 오늘 리얼 지금 인하대 졸업 공전 생산 상위 인하대 서울 시국선언 학생회 지부 인형사 통일교 설립 세계일보 문선명 친구 휴가 오늘 내일 화실 수학 숙제 속보 모집 인원 지하철 숙명여대 부시 할아버지 하모니카 투썸 잠입 버스킹 쓰레기 일전 목소리 사거리 고급 시계 인하대 지하철 하이 학식 라면 얼마 건강 중경 외시 공단 코알라 얼굴 알로에 안대 굿모닝 행복 취업 새끼 지방 커밍 이즈 윈터 박근혜 취업 날씨 버드 기상 박근혜 버드 내일 시험 전공 이야기 신비 네시 인하대 공대 특징 개월 내일 시험 기업 안온 오늘 사람 할로윈 도서관 이러닝 점검 치킨 포장
20161028,DCinside.com, 사람 버튼 여자 거기 헬로윈 술집 파티 타임 현자 하루 시공 폭풍 오늘 하루 토익 신청 수강 핼러윈 수업 파티 핼러윈 몸살 야식 새끼 교수 시발 과제 만점 시발 사람 복장 사신 대물 친절 그리피스 오늘 의료 미국 영화 보험 식코 비판 체계 보장 인천 인천대 여기 학번 호떡 용산 인하대 전국 출신 로스쿨 신임 임용 법관 인하대 협력 산학 대우 자동차 구축 인하대 센터 한국 인하 혁신 항공 학계 정상급 인하대 전국 임원 누구 건설사 인하대 전국 이상 출신 공동 학교 현황 전무 건설 경영진 업체 인하대 한양대 성균관대 대세 수입 바람 이공 인하대 사업 양성 체결 물류 인재 실시 협약 글로벌 국토부 인하대 평가 등급 연구소 학술지 국제 영향력 관계 인하대 대학 센터 연구 융합 환경 유일 부설 안전 인하대 협력 항공우주 대한항공 인하대 중앙대 양성 기관 문화 교육사 예술 인하대 대학 서울대 한양대 사업 주관 특성 자원 개발 전남대 인하대 대학 서울대 센터 주관 선정 모델 포함 기업가 여기 학생 절반 진심 결석 인하대 그룹 현대차 기회 유학생 강당 외국인 장소 제공 초청 체험 한류 인하대 서울대 연구 중앙대 출신 현대차 출연 장학생 인하대 전국 연구 세계 정예 위원 삼성전자 인하대 서울대 이상 한국 올해 취업 용산 간만 부처 친목 전자회로 서호 진실 화석 귀신 실체 아주대 국민대 의리 학교 합격 우리 정도 인하대 사람 미국 상위 대학원 최순 사람 후문 귀신 분장 특징 수학 패션 인하대 대학원 일반 왜감 포스텍 평가 기관 결과 인원 예정 교원양성 삭감 대기업 전문직 위치 금융인 교사 직원 따위 오늘 시험 인하대 교육 수능 호감 급상승 실천 인하 공전 구함 선녀 호스트 창업 남학생 재능기부 동지 환영 인하대 전국 출신 로스쿨 신임 임용 법관 인하대 중앙대 대회 우승 소송 특허 변론 평가 인하대병원 등급 의료 부문 센터 인하대병원 인천 지정 권역 응급의료 인하대 대학 관점 산업 개교 최우수 인하대 협력 산학 체결 인하공전 바스프 인하대 협력 산학 대우 자동차 구축 인하대 센터 한국 인하 혁신 항공 학계 정상급 인하대 전국 임원 누구 건설사 인하대 전국 이상 출신 공동 학교 현황 전무 건설 경영진 업체 인하대 한양대 성균관대 대세 수입 바람 이공 인하대 전국 이상 그룹 공동 인사 키워드 부사장 스펙 인하대 교육 교육부 수상 장관 기부 인하대 전국 올해 교수 순위 국내 랭킹 라이덴 논문 인하대 사업 양성 체결 물류 인재 실시 협약 글로벌 국토부 인하대 평가 등급 연구소 학술지 국제 영향력 관계 인하대 대학 센터 연구 융합 환경 유일 부설 안전 인하대 협력 항공우주 대한항공 인하대 중앙대 양성 기관 문화 교육사 예술 인하대 대학 서울대 한양대 사업 주관 특성 자원 개발 전남대 인하대 대학 서울대 센터 주관 선정 모델 포함 기업가 인하대 전국 임원 대기업 전수 코스피 조사 인하대 그룹 현대차 기회 유학생 강당 외국인 장소 제공 초청 체험 한류 인하대 서울대 연구 중앙대 출신 현대차 출연 장학생 인하대 전국 연구 세계 정예 위원 삼성전자 인하대 서울대 이상 한국 올해 취업 알바 게시판 휴학생 아침 문제 선희 학교 생각 고소 인하대 공대 문과 연구 실적 건감 검진 문제 창공 은행나무 열매 해결 최순 무당춤 도올 아바타 프라임 최순 냄새 평가 이유 의미 강의 사이트 점심 터미널 고속버스 통학 창공 주제 자유 분실물 어디 연고 중동 건아 홍경 시인 성지 부경 카포 연고 중동 건아 홍경 시인 성지 부경 카포 연고 중동 건아 홍경 시인 성지 부경 카포 아침 인하대 한국 산업 편입 나이 현실 새끼 최고 폴리텍 우리 민주주의 레지오 에밀리 분석 비교 접근 프로젝트 몸무게 사람 사람 총학 후보
20161027,DCinside.com, 호텔 모텔 대학생 시계 신경 광장 좀비 살맛 무능 건지 꼰대 광장 친구 진우 총학 운위 전부 반대 오늘 타임 와부 산책 등판 광장 댓글 타임 세무 시국선언 난리 오늘 수업 학원 마지막 시간 검진 학관 공수 사람 커피 머글 예비 냉장고 보관 화장품 학생회장 싸인 열전 삼국지 복귀 휴가 일전 합격 반수 후기 시국선언 하나 오늘 사람 호관 수준 세무 인하대 취업 마지노선 최후 알바 올해 대학원 혜자 시국선언 총학 최순 게이트 그거 창수 전자기학 치킨 평가 기관 사범대 결과 교원양성 발표 참고 평단 지원 대학 편입 상위 노트 카카오 프렌즈 참석자 증정 전원 인하대 교육 수능 호감 급상승 실천 인하대 추천 공모전 여러분 노무현 평점 나인 닥스 인생 박근혜 덕분 시국선언 이건 기회 이번 총학 총장 재단 학점 전기 문제 부탁 박근혜 교체 실망 이때 정권 건수 오늘 학식 공대 과정 확인 과목 목록 심화 인하 시작 세월호 개돼지 오늘 친구 인하대 전국 출신 로스쿨 신임 임용 법관 평가 인하대병원 등급 의료 부문 인하대병원 대상 신뢰 소비자 브랜드 인하대 대학 산업 관점 개교 최우수 인하대 협력 산학 대우 자동차 구축 인하대 센터 한국 인하 혁신 항공 학계 정상급 인하대 전국 임원 누구 건설사 인하대 전국 이상 출신 공동 학교 현황 전무 건설 경영진 업체 인하대 한양대 성균관대 대세 수입 바람 이공 인하대 전국 이상 그룹 공동 인사 키워드 부사장 스펙 인하대 교육 교육부 수상 장관 기부 인하대 전국 올해 교수 순위 국내 랭킹 라이덴 논문 인하대 사업 양성 체결 물류 인재 실시 협약 글로벌 국토부 인하대 평가 등급 연구소 학술지 국제 영향력 관계 인하대 대학 센터 연구 융합 환경 유일 부설 안전 인하대 협력 항공우주 대한항공 도배 인하대 중앙대 양성 기관 문화 교육사 예술 인하대 대학 서울대 한양대 사업 주관 특성 자원 개발 전남대 인하대 대학 서울대 센터 주관 선정 모델 포함 기업가 인하대 그룹 현대차 기회 유학생 강당 외국인 장소 제공 초청 체험 한류 인하대 서울대 연구 중앙대 출신 현대차 출연 장학생 인하대 전국 연구 세계 정예 위원 삼성전자 인하대 서울대 이상 한국 올해 취업 요즘 행복 총학 시국선언 시국선언 개돼지 성대 지킴 대학 시국선언 서울 인하대 교육 수능 호감 급상승 실천 시국선언 우리 수업 혼자 칠리 도서관 아침 빨갱이 제천 세무 정신 광장 등판 알바 영어 스피킹 시발
20161026,DCinside.com, 남자 사랑 진심 오랜만 학교 온수 정수기 학교 전자렌지 하루 행복 키티 인하대 학생 기계공 과제 이상철 확률 서호 도시락 학과 수업 빈손 코디 통학 의정부 기숙사 요즘 노래 인하대 하나 폴리텍 어디 생각 누구 일수 전기 문제 학교 자유게시판 학교 유일 표현 의사 시발 학기 수학 다음 복학 기초 예습 전자기학 그리피스 자기장 일물 부분 우리 총장 선녀 멤버 여운 인하대 응답 국민 민중 노동 민주 이유 박근혜 새누리 사악 인하대 폴리텍 인하대 수시 발표 새끼 수시 경심 누나 사람 반팔 한여름 수업 시간 급식 광장 파티 할로윈 실시 상담 역할 아동 알바 다방 토익 이야기 정치 사람 저녁 머글 광화문 시위 교수 사스 시발 복학생 최순 때문 나라 안팎 시국선언 친구 문과 날씨 학교 학기 예비군 등록 내년 부분 가도 총장 발표 순자 대국민 성명 지적 이정희 지지자 김연아 선구 로고 추천 애니 박근혜 대자보 호관 노동자연대 퇴진 박근혜 생각 지지자 원래 내일 강의실 대학 시국선언 총학 중간고사 성적 하루 행복 연애 메모 열폭 시험 자리 열폭 스펙 자취방 학기 예비군 등록 내년 부분 가도 정규 그때 이유 오늘 이내 지각 일안 훈련 동원 취업 서울 입결 지방대 회사 공전 가슴 문제 누가 직류 인하대 사람 복학 총점 여태 학교 시간 검진 건강 사랑 총장 하루 고생 칠리 이번
20161025,DCinside.com, 인천대 축배 시간 부족 연애 인천대 엘지 무당 중심 대한민국 학교 시간 인천공항 엘지 멸망 술사 검사 시발 글렌 시작 시즌 워킹데드 뉴스룸 대통령 노무현 교육 교재 방법 자모 발음 초급 한국어 한글 과목 포강 기간 삭제 정석 복사기 사용 역대 학번 신입생 수염 피곤 미니 페어 시기 신입생 시절 살수 학잠 학교 주변 토토 박근혜 취업 이야기 정치 나루 박근혜 하나 난리 얘기 본분 어제 평형 일본 사라 오늘 시험 아시 식기 현관문 지문 광장 통학버스 명문 학생 대통령 주인 추궁 이대 비리 피곤 대전 고민 상담 백설 시험 특징 전공 예비군 질문 부탁 훈련 답변 학점 인하대
20161024,DCinside.com, 이비인후과 내과 폐렴 엘지 알바 원래 전화 이력서 천국 문자 공개 수업 시간 교수 교수 디시 수업 교수 안녕 기침 티저 요정 교수 수업 중간 교수 질문 대체 인천대 상종 사람 수업 고개 평가 강의 익명 보건 스타벅스 시험 기간 인강 건지 패션 탐지기 오늘 문제 폭풍 진도 대충 학기 학년 가능 인하대 입결 중평 무시 자위 에리카 대위 친구 저녁 행복 저녁식사 알바 천국 인하대 정석 연체 추천 저녁 편의점 대용 전공 가능 지원 취소 복수 알바 증명사진 기말 정도 건물 인하대병원 검진 건강 학교 사람 그룹 관심 근처 과외 계획 임베디드 진행 정도 화학 평균 일수 애플 인천 기자 동아일보 주재 인천대 오늘 수업 크로스오버 정석 장학금 인하대 주변 자료구조 영태 사람 자바 수단 야채 졸업 대학생 급증 학자금 대출 인하대 홍보 영상 사실 인하대 교육 수능 호감 급상승 실천 인하대 전국 출신 로스쿨 신임 임용 법관 인하대 전국 임원 대기업 전수 코스피 조사 인하대 서울대 한양대 사업 환경 기업 기술 유망 인하대 센터 연구 중앙대 한양대 성균관대 서비스 스마트 연세대 인하대 중앙대 대회 우승 소송 특허 변론 인하대 전국 대학 공학 합격자 배출 인프라 사회 한국도로공사 최다 평가 인하대병원 등급 의료 부문 인하대병원 대상 신뢰 소비자 브랜드 인하대 대학 산업 관점 개교 최우수 인하대 협력 산학 체결 인하공전 바스프 인하대 협력 산학 대우 자동차 구축 인하대 센터 한국 인하 혁신 항공 학계 정상급 인하대 전국 임원 누구 건설사 인하대 전국 이상 출신 학교 공동 현황 전무 건설 경영진 업체 인하대 한양대 성균관대 대세 수입 바람 이공 인하대 전국 이상 그룹 공동 스펙 인사 키워드 부사장 인하대 교육 교육부 수상 장관 기부 인하대 사업 양성 체결 물류 실시 인재 협약 글로벌 국토부 인하대 평가 등급 연구소 학술지 국제 영향력 관계 인하대 대학 센터 연구 융합 환경 유일 부설 안전 인하대 협력 항공우주 대한항공 인하대 중앙대 양성 기관 문화 교육사 예술 인하대 대학 서울대 한양대 사업 주관 특성 자원 개발 전남대 인하대 대학 서울대 센터 주관 선정 모델 포함 기업가 인하대 서울대 연구 중앙대 출신 현대차 출연 장학생 인하대 전국 연구 세계 정예 위원 삼성전자 인하대 서울대 이상 한국 올해 취업 절반 인하대 교육 수능 호감 급상승 실천 연고 중동 건아 홍경 시인 성지 부경 카포 연고 중동 건아 홍경 시인 성지 부경 카포 코넬 북경 워싱턴 애머스트 조지 후문 일본 라면 아침 캠퍼스 보소 복학 알바 시간 이번 정석 열람실 그동안 인하대 인하공전 여기 이야기 가능 화학 지속 치킨 자취 전번
20161023,DCinside.com, 행복 생활 보통 한문 칠리 문제 정도 공수 상표 이세 공대 경희대 삼성 공기업 준비 토플 인하대 아태 통학버스 잠실역 인천대 학교 근처 머리 아우 친구 명자 우울증 하루 아이폰 하늘 정석 주간 출신 사람 공전 기계 성과급 고닉 시간 친구 도안 약속 시험 사람 숨쉬기 문과 아태 일반 특수 과인 화공 시험 점수 마케팅 원론 행복 방가 공수 계산 노가다 방법 실험 회로 공대 학점 기만 학교 대회 우리 대학 인하공전 형제 인하 주변 인천대학 대역 인하대 수능 호감 급상승 학교 정석 공대 문과 압살 종자 얼마 기분 피부 취약 동아리 인하대 공대 문과 제일 공부 군대
20161022,DCinside.com, 시간 행복 시발 공부 고닉 시험 시벌 산책 다크 여기 갤러리 금수 화실 보고서 정도 머리 사람 알바 까페 고닉 요즘 망가 교수 수준 기대 꼴찌 정적 거의 학교 우리 교체 엠블럼 분반 이상 미용실 사진 아저씨 타코야끼 극도 머리 교수 평균 분반 이형 물화 종필 시험 내일 머리 미용실 망인 대학 인하공전 형제 금지 오늘 알바 사람 럭키 버거 추측 임대료 수니 머리 미용실 이종석 카메오 역도 이용 노점 절대 사람 마노 영등포 행복 점심식사 이제 인하대 중앙대 경영 전장 버전 애무 거시 타코야끼 트럭 전국 학교 등급 가능 제대 향후 생존 토요일 이유 분석 고닉 대우 아주대 국민대 의리 김성곤 슈퍼 리치 김우중 쌍용 공부 관련 커리 학도 물리학 회로이론 이과 서열 한인 정리 결과 사시 인하대 대학 서울대 한양대 사업 주관 특성 자원 개발 전남대 인하대 대학 서울대 센터 주관 선정 모델 포함 기업가 인하대 임원 전수 코스피 조사 기업 인하대 그룹 현대차 기회 유학생 강당 외국인 장소 제공 초청 체험 한류 인하대 서울대 연구 중앙대 출신 현대차 출연 장학생 인하대 전국 연구 세계 정예 위원 삼성전자 인하대 서울대 이상 한국 올해 취업 건아 생각 인경 전기 평균 회로 교수 이쯤 면회 교육 실천 이노 일수 이대 동영상 우리 평균 학점 부분 분반 개꿀 인천대 때문 원래 예전 재단 선인 사립 인하대 대학 인천대 생각 본적 망대 자료 중앙일보 잡인
20161021,DCinside.com, 공수 일학년 일등 스타 불금 생각 창공 교수 김현철 학년 냄새 결론 증명 교수 이유 성적 시험지 평균 사시 김현철 주장 대우 아주대 국민대 의리 김성곤 슈퍼 리치 김우중 쌍용 새끼 수세 학교 수론 누구 판별 사람 분반 점수 누구 혼자 교수 평균 물리학 등반 인하대 학교 인하대 입결 진짜 우리 분반 일물 인하대 새끼 중평 서강대 거보 한양대 연고 에리카 결과 물리 동북아 수학 사람 특허 발명 인하대 수학 화학 물리학 오늘 영어 표현 헤즈 국제 점수 토론 문법 개론 행복 저녁 식사 누구 오늘 수업 환상 이성경 인천대 시작 에리카 이제 한기대 알바 시험 우울 오늘 마지막 과목 자살 알바 동네 다방 최고 노래 거중 편곡 인하대 증거 인하대 인천대 전화기 교육 실천 휴가 대학 출신 합격자 외무고시 할마 철도 파업 이화여대 맞춤법 인하 학생 대학생 재단 이화여대 땅콩 포함 사범대 인원 필독 조정안 지원자 휴가 합격자 발표 고시 행정 인하대 최고 수시 모집 역대 경쟁 평가 세계 순위 결과 사범대 졸업 대학생 급증 학자금 대출 학교 교육 기관 여기 유사 여론 충격 인식 전국 대학평가 대학 취업 주요 장학금 전국 유일 공대 지방 점수 물리학 교육 실천 군대 동물 공화국 인천대 하나 속도 잔당 로스쿨 공대 이유 아주대 아웃 변리사 서울 개돼지 관련 마계 득실 경기도 촌놈 임원 최고 공기업 직원 역시 삼전 인하대 취업 삼성전자 한국 기업 대학원 미국 비자 인하대 사람 서울 기업 대학원 미국 본사 연구원 대학 취업 대우 대기업 학생 상위 공기업 선호 기피 서울 지방 인하대 인천대 대학 서열 인포 남자 사랑 서울 학점 수시 개소리 외고 해당 이유 대상 수시 대학원 국민 멸시 세탁 인정 스카이 시간 공부 지금 스트레이트 시험 인하대 재단 임원 대기업 이번 전문직 감원 넘사벽 인생 공대 인천 인하공대 포항 점수 대체 확인 일반화학 세상
20161020,DCinside.com, 시험 전기 시간 행복 수면 새끼 분탕 대학 서열 카인 전공 전사 점수 여자 남자 사람 지킴 김준호 주작 아기 카인 드루 발표 카인 충격 중앙일보 공식 시대 전국 대학교 손가락 대학 형제 애드 인하대 서강대 창수 인하대 전장 용인대 올림픽 유도 인하 대학교 시립 서강 건국 인하 공대 연세 고려 한양 싸움 인천대 하나 속도 전기 생각 내년 전자 전과 사람 환경 인간 전기 전과 기계 인하대 정시 지원 교차 연세대 보소 인하대 인천대 아래 코딩 사람 코딩 점수 오늘 정석 이상 정신 인하대 인하 인천 연세대 경영 차이 요즘 인하대 학번 홍대 건대 통학버스 잠실역 학교 요즘 혼자 카페 총장 순자 환영 적극 제의 종신 이유 형님 강남스타일 이유 덜렁이 인하대 인천대 문과 추천 친구 카톡 새끼 난리 보소 고려대 인천대 학교 평가 인하대 공대 연고 정도 한인 성서 총장 이대 사퇴 교수 이호재 선형대수 통수 사람 제일 동아리 승일 밴드 중앙대 한양대 올해 공대 입결 학과 소프트 학교 버스 신촌 사람 유닉스 평가 세계 순위 결과 사범대 제주 교대 새끼 횡단 무단 평가 양성 기관 임용 교육부 실적 교원 최신 주기 인하대 사범대 서열 수도권 성대 임용고시 졸업 대학생 급증 학자금 대출 인하대 인천대 만점 비하 교수 시험 분반 어디 김은화 실제 재산 지식 이론 먹이 외시 오늘 후문 횡단 무단 사진 시험 인천대 무시 평균 점수 개인 일수 확인 교육 실천 후문 횡단 무단 올해 사시 계란빵 유동 모닝 합격자 고시 행정 학교 지킴 인하대 전국 출신 로스쿨 임용 신임 법관 인하대 서울대 한양대 사업 환경 기업 기술 유망 인하대 센터 연구 중앙대 한양대 성균관대 연세대 서비스 스마트 인하대 중앙대 대회 특허 우승 소송 변론 인하대 협력 한국 취업 산학 외국인 협약 무역 협회 업무 활성 인하대 전국 대학 합격자 공학 배출 인프라 사회 한국도로공사 최다 인하대병원 대상 신뢰 소비자 브랜드 인하대 대학 산업 관점 개교 최우수 인하대 협력 산학 체결 인하공전 바스프 인하대 협력 산학 대우 자동차 구축 인하대 센터 한국 인하 혁신 항공 학계 정상급 인하대 전국 임원 누구 건설사 인하대 전국 이상 출신 학교 공동 현황 전무 건설 경영진 업체 인하대 한양대 성균관대 대세 수입 바람 이공 인하대 전국 이상 그룹 공동 스펙 인사 키워드 부사장 인하대 교육 교육부 수상 장관 기부 인하대 전국 올해 교수 순위 국내 랭킹 라이덴 논문 인하대 사업 양성 체결 물류 실시 협약 인재 글로벌 국토부 인하대 평가 등급 국제 연구소 학술지 영향력 관계 인하대 대학 센터 연구 융합 환경 유일 부설 안전 인하대 협력 항공우주 대한항공 인하대 대학 서울대 한양대 사업 주관 특성 자원 개발 전남대 인하대 대학 서울대 센터 주관 포함 선정 모델 기업가 인하대 그룹 현대차 기회 외국인 유학생 강당 장소 제공 초청 체험 한류 인하대 서울대 연구 중앙대 출신 현대차 출연 장학생 인하대 전국 연구 세계 삼성전자 정예 위원 인하대 서울대 이상 한국 올해 취업 인하대 학생 이대 간판 자부심 행동 인천대 수록 폄하 대학 총장 학생 명문 이대 민주 인대 대학 학생 이대 인대 주인 수시 명문 이대 무시 역시 정유 인하대 서울 명문 이화여대 폐지 동국대 직장인 과기대 대승 사람 시험 전자회로 송병철 우리 해결책 인하대 인천대 기지 국립 정석 유동 오랜만 재기 병원 사회 문제 아래 정보 일수 중간고사 장학금 정보 기념 정도 아무것 그리스 이민 인하대 이과 서성 동급 한양공 시작 출첵 확률 여신 내일 군대 장학금 등록금 시즌 아스날 공격수 라리가 점수 물리 학기 학점 복학 시즌 인증 아스날 경기 챔스 황족 복학 공개 성적표
20161019,DCinside.com, 인하대 장학금 점수 학점 군대 공개 복학생 여기 학년 시간 때문 변별력 시험 시간 물리학 화학 평균 물리 시험 교수 문제 실질 학점 시험 기간 시험 질문 공부 핀트 교수 시험 프로그래밍 교수 물리 강의 미세먼지 금수 은수저 저냐 오류 평가 배려 상대 교양 점수 자료구조 영태 오류 메카니즘 상상력 사람 상상력 메커니즘 질문 관련 족보 사람 점수 진짜 상상력 상위 중간 교양 본인 에이 교양 신경 기말 오늘 하루 거리 종일 만화 정도 평균 일수 기말 대학 친구 취직 문제 인보 난리 그리스 시바 신화 기원 레스 논란 프로메테우스 고닉 정상인 화학 족보 기출 이번 그리스 에이 난이도 점수 화학 중간고사 강의 확인 문제 그리스 신화 고고학 문제 그리스 논란 여지 로마신화 홍대 뭔가 간디 그리스 로마 가요 축하 시발 의미 오늘 연남동 공익 학교 오늘 고집 생활 고닉 판다 저녁 식사 불행 모델 학생 여자 고닉 인천대 사람 정석 어디 나라 열람 지하 오피 셜리 시발 평균 일반화학 시발 평가 세계 순위 사범대 결과 사람 손맛 분식점 골목 이모 푸드 한잔 모히또 몰디브 선회 목표 혼자 축구 대학교 남자 중학생 공부 용서 이번 학기 축구 여운 언니 마을버스 일수 강의 강사 점수 일수 대우 아주대 국민대 의리 김성곤 슈퍼 리치 김우중 쌍용 유학생 등급 생존 훈련 소리 지진 사이렌 대피 소리 사이렌 전쟁 전쟁 교수 동북아 정도 학점 평가 교육부 사범대 주기 생활 대학원생 시험 생각 기간 물리 계산 실수 시험 문제 원래 오류 현황 합격자 사법고시 여자친구 브랜드 학점 장학금 준비 학원 동대 유학 사람 공도 공학 자연과학 소꿉장난 현아 대학원 학교 세계 학생 상상력 수강 인천대 인천 이유 국립 하수 구대 화석 오랜만 인하대 유일 서울 공격 꺼리 정석 여신 고정 외국인 친구 인하대 평가 서강대 중앙일보 세상
20161018,DCinside.com, 교수 식당 교직원 안나 공부 공대 건아 서열 중동 시인 경희 경북 교직원 학부 식장 공대 건아 서열 중동 시인 경희 경북 스타 문제 인하대 새끼 발정 시험 내일 공부 홍대 인하대 지갑 신분 주우 건너편 정문 정체 백설 이의 금수 시발 백설 시험 시간 족보 카이 라이브 인하대 지방 자존심 야근 백설 이틀 밤샘 아두 물리 김현철 승호 문제 경심 누님 점수 반영 대면 짐승 공부 동북아 한일관계 이번 시발 승호 강의 원래 노트 한국 전쟁 교전 소련 시험 중간 생각 에이 필요 도움 증명 거짓 명제 대학 학교 지원 한진 경심 누나 물리 군대 사진 퀴즈 무엇 인물 준비물 친구 추천 카톡 총장 우울 시험 교수 수업 양경수 온라인 에프 화학 물리 화학 환경 인간 학생 학점 수시 인하대 교수 총장 총학 순자 종신 재학생 제위 동문 추대 학교 한번 시험 기간 휴강 시험 그리스 급구 지킴 정보 공모전 인터넷 포스터 캠페인 심볼 마크 디자인 일반화학 정답 객관식 고수 물리 주관식 파이 카톡 시험 시발 기간 과제 크로스오버 이번 학년 휴강 교양과목 화학 오늘 시험 전산 제도 보신 공대 건아 중동 시인 경희 경북 공대 건아 중동 시인 서열 경희 경북 전국 대학 학교 시험 시발 명문 손가락 지하철 단과대학 평생교육 계속 교양 내용 기초 길버트 현행 테렐 설명 출신 새끼 물리 문과 점수 화학 개통 교수 회로 장경희 시험 국장 교수 물리 강의 김현철 열정 평균 중간 일반화학 보통 필독 자살 정석 자리 일반화학 사람 졸업 필독 시험 공대 대학 공부 공부 전자 기출 동우 이상 평균 일반화학 물리 한강 정도 오늘 인하 대역 부심 시간 편안함 점수 평균 자살 물리 인하대 대학 자료구조 영태 사람 교수 공수 전성기 다리 오늘 시험 단위 마이너스 점수 물리 여기 인하대 중앙대 입결 전화기 물리 등각 물리 루트 물리 물리 정도 에이 교수 물리 발정 오빠 공대 건아 중동 시인 서열 홍경 부경 중위 공대 건아 중동 시인 서열 홍경 부경 중위 사실 인하대 중시 로스쿨 대기업 공기업 행정 기술직 공무원 평균 정도 물리학 전자기 파트 수입 판매점 과자 물량 질문 전과 상경 이대 학개 작살 시험 학년 출석 선배 성금 불우 이웃 본질 야식 교수 김현철 조교 후문 모자
20161017,DCinside.com, 행복 잠자리 물리 남자친구 시간 동안 야식 진지 거기 그거 섹스 사람 오늘 세번 동네 연애 고딩 스타 전공 연계 산책 질문 졸업 정통 취직 개월 도움 마네 베이스 엘지 무적 바보 질문 족보 도영 화학 도영 오늘 수업 휴강 휴강 공지 에리카 중평 연속 화학 화학 전공 이번 국회의원 전북대 도전 새누리당 하나 새누리당 오션 블루 리더십 화학 서술 아이 인하대 아주대 네이버 마지막 도영 건가 인내심 화학 물리학 수학 위상수학 양자역학 양자화학 화학 하나 마지막 게스 공대 학년 과목 화학 시발 화학 수사 음료 추천 저녁 오늘 무아 휴무 중대 오늘 오리 평가 이번 총장 순자 이번 결과 중평 경희대 시립 중앙 치킨 순자 때문 디스카운트 스터디 수학 전공 부분 수학과 행복 저녁식사 이번 휴강 공지 별도 후문 노점 모자 공학 제강 내일 커피 여대 인하대 공대 경희대 캠퍼스 외대 통합 용인 주관식 중앙일보 대학평가 편입 중대 시립대 경희대로 정석 번호 사람 오늘 시험 서울 학생 편입 학원 수도권 노량진 서울 학생 편입 학원 수도권 노량진 후반 여학생 승재 중대 열등감 서연고 인하대 대학 서울대 센터 주관 모델 포함 선정 기업가 인하대 현대차 그룹 기회 외국인 유학생 강당 장소 제공 초청 체험 한류 한양대 중대 진심 인하대 서울대 연구 중앙대 출신 현대차 출연 장학생 인하대 전국 연구 세계 삼성전자 정예 위원 인하대 서울대 이상 한국 올해 취업 동안 상주 새끼 시작 중대 열등감 동안 허언증 동안 건가 군필 이번 편입 중대 기점 취급 인하대 대학 평가 유일 지방 중앙 위안 랭크 소름 화학 족보 수능 승재 본인 인증 중앙대 학원 로비 차단 중앙대 요즘 외시 중시 중경 승재 이름 아들 인하대 서울 이과 아태 정시 성적 어디 인하대 공대 고대 문제 영화 테크놀로지 로스쿨 지방 카페 미니 차별 인설 생각 기계 대학 순위 연고 중경 인외 종합 서한 경희대 새끼 연고 인성 미만 강간 인하대 학번 모집 일수 일로 아낫 교수 총장 랭킹 이지 순자 중앙일보 인하대 공대 아웃 비교 시립대 해외 헤지펀드 불가 작년 인하 중평 시립 아태 시립대 화공 원예 건축 시립대 제일 망대 자연 원예 수준 인증 저능아 새끼 인증 새끼 인증 병신 발악 시립대 복지 증세 시립대 자연 연고 자연계 학교 시험 우리 사시 고시 행시 외교관 입시 학점 수학 한양대 수능 수시 정시 망대 고시 드립 순위 총장 순자 학교 문과 수준 상위 아웃 간판 영역 족보 파일 인쇄 공대 명성 화학 족보 가요 중평 누가 해외 순자 총장 여기 순자 중평 가지 오늘 마리 시험지 평균 예술 사회 복지 설명 실천가 과학 요구 메카 메카 메카 아령 무게 시험 아무것 원래 소리 이어폰 이상 갤러가 족보 인하대 경기대 인천 에리카 하수구 시험 과학 스포츠 과학 스포츠 시험 그리스 화학 문제 오늘 시작 일수 그거 관심 종자 시험 화학 족보 사실 최신 일수 감기 이번 일수 사람 한번 안온 대학 생활 방법 학교 자리 도서관 월요일 치즈 빅맥 순자 언니 평균 정도 일수 예상 일수 기말 안내면 인하대 중앙일보 대학평가 오늘 평가 중앙일보 일수 질문 인하대 공전 도서관 교수 수학 분반 중간고사 일반 이영진 인천대 아가리 스터디 정석 학생증 게이트 출입 오늘 누가 지하 정적 화장실 아주머니 유리 학교 사람 시험 물리 이병찬 인하대 시험 기간 직감 이상 인하대 인하대 동호회 그린 라이트 오빠 카드 시험 기간 학기 다음 지금 휴학 공부 정석 학생증 기분 감정 선동 타임 에브리
20161016,DCinside.com, 사람 카톡 사람 물리 족보 필요 풀이 일수 요정 장인 인사 요즘 한마디 교수 수업 발표 대답 사람 인하대 누구 누가 반수 유니스트 현역 전공 연계 포기 아빅 학생증 천민 샤대 순회 인하대 국내 원래 끝판 사기업 캠리 시험 내일 인천대 레젼드 하루 서열 직장 직업 공부 일수 우리 방법 풀이 공유 인하대 시작 이과 동국대 홍도 홍익대 인동 수학과 인하대 센터 연구 중앙대 한양대 성균관대 연세대 서비스 스마트 인하대 중앙대 대회 특허 우승 소송 변론 인하대 대학 전국 합격자 공학 사회 배출 인프라 한국도로공사 최다 평가 인하대병원 등급 의료 부문 전역 인하대병원 대상 브랜드 신뢰 소비자 인하대 대학 산업 관점 개교 최우수 인하대 협력 산학 체결 인하공전 바스프 인하대 협력 산학 대우 자동차 구축 인하대 센터 한국 인하 혁신 항공 학계 정상급 인하대 전국 임원 누구 건설사 인하대 전국 이상 학교 출신 공동 현황 전무 건설 경영진 업체 인하대 한양대 성균관대 수입 대세 바람 이공 인하대 전국 이상 그룹 공동 인사 스펙 키워드 부사장 인하대 교육 교육부 수상 장관 기부 인하대 사업 양성 체결 물류 실시 협약 인재 글로벌 국토부 인하대 평가 등급 국제 연구소 학술지 영향력 관계 인하대 대학 센터 연구 융합 환경 유일 부설 안전 인하대 협력 항공우주 대한항공 인하대 대학 서울대 한양대 사업 주관 특성 자원 개발 전남대 인하대 대학 서울대 센터 주관 모델 포함 선정 기업가 인하대 현대차 그룹 기회 외국인 유학생 강당 장소 제공 초청 체험 한류 인하대 서울대 연구 중앙대 출신 현대차 출연 장학생 인하대 전국 연구 세계 삼성전자 정예 위원 인하대 서울대 이상 한국 올해 취업 인하 공전 기계 생산 명예 취향 인하대 대학 기업 수준 지원 해외 본사 비자 경우 입사 입시 분위기 취업 지방 형님 지방대 취집 서열 에리카 원세 분교 조려 시험 장소 일수 확인 공대 경희 중시 수원 대행 시험 전과 시험 입결 최고 아태 화공 위인 아랫것 의대 방구 오도 시험 수능 학점 수시 정시 고급 직종 점령 친구 온라인 인하대 최고 아웃 경영 작년 이제 인하대 어려움 인하대 교수 경영 특징 인하대 서울대 한양대 배출 대학평가 벤처 창업자 인하대 서울대 한양대 사업 환경 기업 기술 유망 인하대 중앙대 대회 특허 우승 소송 변론 인하대 대학 전국 합격자 공학 사회 배출 인프라 한국도로공사 최다 평가 인하대병원 등급 의료 부문 인하대병원 대상 브랜드 신뢰 소비자 인하대 대학 산업 관점 개교 최우수 인하대 협력 산학 체결 인하공전 바스프 인하대 협력 산학 대우 자동차 구축 인하대 센터 한국 인하 혁신 항공 학계 정상급 인하대 전국 임원 누구 건설사 인하대 전국 이상 학교 출신 공동 현황 전무 건설 경영진 업체 인하대 한양대 성균관대 수입 대세 바람 이공 인하대 전국 이상 그룹 공동 인사 스펙 키워드 부사장 인하대 교육 교육부 수상 장관 기부 인하대 사업 양성 체결 물류 실시 협약 인재 글로벌 국토부 인하대 평가 등급 국제 연구소 학술지 영향력 관계 인하대 대학 센터 연구 융합 환경 유일 부설 안전 인하대 협력 항공우주 대한항공 인하대 중앙대 양성 기관 예술 문화 교육사 학생 학점 수시 정시 교과 인하대 대학 서울대 한양대 사업 주관 특성 자원 개발 전남대 인하대 대학 서울대 센터 주관 모델 포함 선정 기업가 인하대 현대차 그룹 기회 외국인 유학생 장소 강당 제공 초청 체험 한류 인하대 서울대 연구 중앙대 출신 현대차 출연 장학생 인하대 전국 연구 세계 삼성전자 정예 위원 인하대 서울대 이상 한국 올해 취업 인하대 한양대 제일 뭔가 수시 경제 새끼 생각 전과 인하대 특징 영화 동아리 제목 교수 특징 신소재 동아리 가입 인하대 면접 이번 치킨 선물 잉여 족보 허창수 동국대 통합 요즘 상태 알람 공부 시간 인하대 정석 자리 검사 다음 일수 중간 난이도 요즘 상태 미연시 시간 알바 중임 대체 기호 인하대 연세대 후회 행복 식사 점심 학교 교직원 여러분 건아 연고 중동 시인 홍경 부경 성지 카포 연고 건아 중동 시인 경희 성지 카포 경북 연고 건아 중동 시인 경희 성지 카포 경북 임베디드 학우 인천대 지거국 토익 요번 공대 수준 논문 시험 수능 기간 버프 라면 인하대 학번 시간 일수 전사 출격 토익 목표 공전 기계 인하대 전국 출신 로스쿨 임용 신임 법관 인하대 협력 산학 체결 인하공전 바스프 인하대 협력 산학 대우 자동차 구축 인하대 센터 한국 인하 혁신 항공 학계 정상급 인하대 전국 임원 누구 건설사 인하대 전국 이상 출신 학교 공동 현황 전무 건설 경영진 업체 인하대 한양대 성균관대 수입 대세 바람 이공 인하대 전국 이상 그룹 공동 인사 스펙 키워드 부사장 인하대 교육 교육부 수상 장관 기부 인하대 전국 교수 올해 순위 국내 랭킹 논문 라이덴 인하대 사업 양성 체결 물류 실시 협약 인재 글로벌 국토부 인하대 평가 등급 국제 연구소 학술지 영향력 관계 인하대 대학 센터 연구 융합 환경 유일 부설 안전 인하대 협력 항공우주 대한항공 인하대 중앙대 양성 기관 예술 문화 교육사 인하대 대학 서울대 한양대 사업 주관 특성 자원 개발 전남대 인하대 대학 서울대 센터 주관 모델 포함 선정 기업가 인하대 현대차 그룹 기회 외국인 유학생 장소 강당 제공 초청 체험 한류 인하대 서울대 연구 중앙대 출신 현대차 출연 장학생 인하대 전국 연구 세계 삼성전자 정예 위원 금융 취객 건아 연고 중동 시인 홍경 성지 부경 카포 건아 연고 중동 시인 홍경 성지 부경 카포 건아 연고 중동 시인 홍경 성지 부경 카포 애드 인하대 공대 정도 입결 편입 중앙 대공 공부 여친 데스 새끼 특징 인하대 대학 후회 유사 입학생 인하대 공대 입결 아주대 중대 압살 소융 대국 사보 사람 족보 허창수 중대 상경 아대 학과 이름 신설 실감 학과 신설 한양대 모델 대가 아웃 금융 중앙대 입결 여기 아주대 아웃 소리 병신 학살 심리 선비 금융 인하대 취업 학원 건가 교직이수 셔터 경영 경제 리수 폐과 한자 인하대 취업 금융 아대 심리 중간 서울대 학과 삭제 수원 단과대학 평생교육 대학가 학위 우리 학과 특수 기만 능욕 만무 중앙대 축하 서연고 학내 신문 취업 문과 자연 강남 지방간 정신 중앙대 공대 입결 요즘 시립대 셔터 선호 오라클 구글 교수 서열 경희대 훌리건천국 워렌 새끼 아태 제일 입학 화공 경건 건아 연고 중동 시인 홍경 성지 부경 카포 건아 연고 중동 시인 홍경 성지 부경 카포 그리스 강의 중간고사 노트 새끼 이해 증권 투자
20161015,DCinside.com, 공수 어렵 경희대 댓글 홍보 주작 배기 시험 온라인 공부 온라인 학교 하나 준비 드라마 촬영 공수 화이팅 대학 합격자 사시 공대 순위 중시 부아 동홍 디시 먹이 안주 학교 인하대 중앙대 입결 개소리 학교 수시 하나 쓰레기통 전형 특목고 정석 학기 별도 정석 망대 수시 정시 과대 팩트 이번 토익 준비 대학 미래 화공 보장 세탁 인하대 전국 출신 로스쿨 임용 신임 법관 인하대병원 대상 브랜드 신뢰 소비자 인하대 대학 산업 관점 개교 최우수 인하대 협력 산학 체결 인하공전 바스프 인하대 협력 산학 대우 자동차 구축 알고리즘 데통 마프 네트워크 자구 인하대 센터 한국 인하 혁신 항공 학계 정상급 인하대 전국 임원 누구 건설사 인하대 전국 이상 학교 출신 공동 현황 전무 건설 경영진 업체 인하대 한양대 성균관대 수입 대세 바람 이공 인하대 전국 이상 그룹 공동 인사 스펙 키워드 부사장 인하대 교육 교육부 수상 장관 기부 인하대 사업 양성 체결 물류 실시 협약 인재 글로벌 국토부 인하대 평가 등급 국제 연구소 학술지 영향력 관계 인하대 대학 센터 연구 융합 환경 유일 부설 안전 인하대 협력 항공우주 대한항공 인하대 중앙대 양성 기관 예술 문화 교육사 인하대 대학 서울대 한양대 사업 주관 특성 자원 개발 전남대 인하대 대학 서울대 센터 주관 모델 포함 선정 기업가 인하대 서울대 연구 중앙대 출신 현대차 출연 장학생 인하대 전국 연구 세계 삼성전자 정예 위원 인하대 서울대 이상 한국 취업 올해 과목 보안 컴퓨터 입결 아태 이과 화공 거론 윈데 카드 엘리트 학교 올해 대회 알고리즘 예선 오늘 공부 내용 취업 공대 지방 자연 입결 망대 스카이 입결 정시 학과 정시 아태 병신 의대 정시 황인원 새끼 학점 수시 평점 인하대 올해 문과 정시 이과 학과 의대 국교 수석 인하대 이상 학과 아웃 물리 평균 기계 야근 양심 유일 입결 아태 학과 망대 서강대 과거 물류 아태 연봉 수업 기계 물리학 인하대 물류 아태 쓰레기 워너 보이 인하대 요즘 경희대 상위 분교 갈바 공대 연구원 노예 학교 정도 수준 이건 자연과학 입결 수학 난리 수학 컴퓨터 오네가 신데렐라 입결 망대 쿨타임 수학 전공 병신 수학과 세상 응용수학 서울 대기업 공공기관 대학 수학 원래 증명 애니메이션 수강 인공지능 전기 대학원 신입생 모집 공연예술 홍익대학교 실기 시험 전공 학년 영어 인하대 입결 아태 제일 친구 이번 남친 전역 군대 얘기 개월 공군 미필 공군 미카 사람 군대 이야기 모두 요즘 군대 새끼 경상도 미카 인하대 무시 현실 오랜만 항공 이름 가운데 순위 인하대 오늘 여자 부평 잠입 킹덤 기억 고기 매일 카드 오랜만 목살 만원 어치 대학 이유 대가 단일 중앙대 기계 과기대 사치 도서 인하대 아웃 고시 국립외교원 신경안 쓰기 여기 고시 사랑 절용 사치 학잠 디자인 조잡 박재범 안녕 오늘 공부 롤드컵 인하대 명문 아웃 고시 요번 시바 입결 타령 고학 진실 순자 최순 최경희 후유증 스터디 일명 주소 일수 중간 기말 학기 사실 평점 요번 학잠 전공 복수 사랑 안녕 사람 우울 시간
20161014,DCinside.com, 필독 백설 시발 학기 학년 포기 셔터 인하 주말 강의실 인하대 전화기 전장 사철 시험 과목 주차 인하대 소비자 학과 전장 포기 하버드 인하대 서울대 물리학 후회 기계공학 포강 신분 서호 일수 허가 계산기 반입 친구 사람 정석 자정 하나 모델링 중앙대 과기대 진동 공대 족보 다운 이용 오후 완료 학교 내일 저녁 학식 점심 인하대 미세먼지 학생증 누가 대학 중앙대 성균관대 특징 고려대 정석 핸드폰 인천대 인하대 인천 명문 잠입 술집 시험 수업 학과 전과 기계공 케이스 철로 인하대 서울대 인사 지금 불편 정석 휴게실 테크 카피 대학 모델 요즘 유명 과학자 파이썬 수리 통학버스 잠실역 인하 수구 인하대 연세대 서강대 잠입 신촌 가면 정석 모바일 대여 불편 고수 기타 교실 학기 학년 군대 심리 공학 차이 계산기 카시오 시험 공부 중간고사 과목 보통 역학 정역학 유체역학 경영 연대 여자친구 학교 휴강 하시바 지랄 서울대 인하 늦잠 자서 면도 건아 연고 중동 시인 홍경 성지 부경 카포 건아 연고 중동 시인 홍경 성지 부경 카포 시간 중앙대 한양대 공대 입결 단과대학 평생교육 인하공전 사실 인하대 문과 잠입 가면 건국대 인하대 공대 연고 사실 신청 학우 잠바 야구 전자회로 이석현 인하대 서울 공전 시선 셔터 편입 인하공대 인천대 서울 인의 인하대 취업 서울 지방 삭제 외국 인천 이유 국립 사립
20161013,DCinside.com, 아악 바퀴 후문 피시방 벤큐 모니터 그거 얼마 기계 언제 항공대 사랑 오늘 시험 온라인 피시방 면접 예상 답변 피곤 이번 토익 완성 교보문고 사랑 인하대 인천 고려대 꼬부기 교수 존경 시간 정석 꼬부기 병원 꼬부기 인하대 공대 수준 고려대 개월 베이스 마네 대가리 인하대 문과 이과 한인 동홍 수능 인하대 합격 사시 대통령 노무현 프로그래머 천재 고졸 학생회 복위 옴부즈맨 간부 수업 고민 갱신 큰일 시험 문제 영어 전자회로 이석현 문과 학식 기획 반성문 메일 인하대 국내 과자 문과 총장 대학생 홍보 말씀 정석 문과 총장 홍보 학우 반성문 시험 기간 정석 문과 총장 홍보 학우 반성문 인하대 정석 문과 총장 홍보 학우 반성문 정석 문과 총장 홍보 학우 반성문 정석 문과 총장 홍보 학우 반성문 인하대 대학 입결 선동 조선 시간 시발 운명 인하대 인하 조치 소반 가격 개혁 일환 인하대 대학 국내 정석 공부 오늘 공부 하루 학교 우리 명문 우리 언제 기말고사 오늘 폭주 학교 출신 현황 임용 검사 종합 비타민 대학 합격자 인원 사법고시 오늘 정석 이당 후문 정석 공부
20161012,DCinside.com, 후문 한국어 불만 전자회로 기계 공부 영어 한글 오늘 공부 총장 입학 해결 이사장 지금 평점 이름 여신 현수막 사비 그룹 스터디 물리학 동우 해설 사람 공부 입학 신경 퇴학 공대 바보 증명 오늘 정석 후기 오늘 인하 형님 대학교 덕분 시발 주작 프로 재채기 수업 학우 입학 시간 입학 아시 교내 만약 대응 봉사 방가 시계 메탈 가죽 학잠 사려 시발 컨디션 입학 종자 분탕 메일 누가 창공 사람 사생활 남친 연결 덜렁 군인 문과 생각 병신 떡밥 공대 부심 전공 세계 지배 동양 김기동 대동단결 대세 문과 대통령 역대 찐따 인하대 문과 이과 인동 성인 인생 공대 이해 세무 카톡 새끼 문과 마지막 양심 사람 푸욜 학교 시험 검사 계산기 초기 입결 문과 이과 문과 양심 고백 문과 수학 지금 매도 문과 떡밥 시그마 학교 문과 우리 병신 캡터 사람 서류 현대제철 지금 문과 발언 인천대 합격자 사시 인천대 새끼 요구르트 얼음 원액 사람 화학 새끼 짱깨 학교 우리 다행 이유 경희대 이원화 사진 폴더 동생 학번 시험 정석 기간 자리 서강대 거조 학교 복학 인하대 공대 존경 서로 프라이드 정석 대학생 인척 지성인 돌이 학교 도영 오늘 유학생 학우 존경 인하대 아주대 요새 위기 의식 의자 팩트 성찰 자아 폭격 인하 족보 정사 기타 오리 특강 인하대 위엄 점심 공대 명문 수도권 인정 참고 정부 지역 인하대 세계 아주대 국내 교수 사람 정석 덜렁 광장 불편 페북 공통점 심장 인하대 갤러리 환영 연강 오늘 정석 도서관 정석 발권 학교 서울 수준 지방대 차이 대나무 실존 대학 특기 도입 전격 자전 대전 인하대 대학 순위 고소 비방 근거 귀신 사진 갤러리 옛날 누가 드라이버 사진 대전 엄마 쌍욕
20161011,DCinside.com, 자취 모기 학교 사람 토익 준비 기기 걱정 하루 종일 문제 모바일 소프트 인하대 병신 박테리아 박사 소프트 국회의원 건대 한컴 구별 오피스 경영학 시험 교수 전자회로 이석현 오늘 공부 타치